pi_conf,policy,O1_abs_error,O1_mcse,O2_verdict_loss,O2_mcse,share_oracle_action,share_IDENT,share_tie
0.0,oracle,0.0247,0.0008,0.0793,0.003,1.0,0.179,0.162
0.0,typed (ties->IDENT),0.0647,0.0019,0.1173,0.0037,0.312,0.249,0.162
0.0,typed (ties->MORE),0.0581,0.0018,0.1052,0.0037,0.339,0.174,0.162
0.0,interval-learned,0.0424,0.0014,0.0828,0.0035,0.393,0.003,0.162
0.0,always MORE,0.0437,0.0014,0.0914,0.0035,0.433,0.0,0.162
0.0,always LARGER,0.0425,0.0014,0.0825,0.0035,0.388,0.0,0.162
0.0,always IDENT,0.1203,0.0022,0.2534,0.0031,0.179,1.0,0.162
0.0,random,0.0707,0.0019,0.1441,0.0039,0.327,0.336,0.162
0.25,oracle,0.042,0.0013,0.1312,0.0043,1.0,0.337,0.182
0.25,typed (ties->IDENT),0.0806,0.002,0.1709,0.0054,0.388,0.349,0.182
0.25,typed (ties->MORE),0.0797,0.0021,0.1722,0.0059,0.371,0.253,0.182
0.25,interval-learned,0.0831,0.0023,0.1693,0.0068,0.327,0.05,0.182
0.25,always MORE,0.0836,0.0022,0.1795,0.0068,0.341,0.0,0.182
0.25,always LARGER,0.0818,0.0023,0.1676,0.0069,0.323,0.0,0.182
0.25,always IDENT,0.1174,0.0021,0.2513,0.0031,0.337,1.0,0.182
0.25,random,0.094,0.0022,0.1992,0.0059,0.324,0.344,0.182
0.5,oracle,0.0589,0.0015,0.1854,0.0054,1.0,0.45,0.215
0.5,typed (ties->IDENT),0.0971,0.0021,0.2394,0.0064,0.437,0.452,0.215
0.5,typed (ties->MORE),0.1009,0.0022,0.2438,0.0071,0.402,0.318,0.215
0.5,interval-learned,0.1169,0.0022,0.2486,0.0044,0.42,0.838,0.215
0.5,always MORE,0.1181,0.0024,0.2542,0.0084,0.273,0.0,0.215
0.5,always LARGER,0.1148,0.0024,0.2482,0.0084,0.277,0.0,0.215
0.5,always IDENT,0.1175,0.0021,0.2526,0.0032,0.45,1.0,0.215
0.5,random,0.1145,0.0023,0.2517,0.0071,0.34,0.34,0.215
0.75,oracle,0.0796,0.0016,0.2332,0.0057,1.0,0.586,0.23
0.75,typed (ties->IDENT),0.1172,0.0022,0.2967,0.0071,0.474,0.549,0.23
0.75,typed (ties->MORE),0.1254,0.0022,0.3118,0.0079,0.41,0.41,0.23
0.75,interval-learned,0.1215,0.0022,0.2436,0.0034,0.585,0.999,0.23
0.75,always MORE,0.1577,0.0024,0.3537,0.0096,0.244,0.0,0.23
0.75,always LARGER,0.1565,0.0025,0.3514,0.0096,0.17,0.0,0.23
0.75,always IDENT,0.1214,0.0022,0.2438,0.0034,0.586,1.0,0.23
0.75,random,0.1434,0.0024,0.3154,0.0082,0.347,0.31,0.23
1.0,oracle,0.0918,0.0015,0.2789,0.0055,1.0,0.732,0.262
1.0,typed (ties->IDENT),0.1283,0.0021,0.3636,0.0073,0.565,0.673,0.262
1.0,typed (ties->MORE),0.1455,0.0021,0.3887,0.0083,0.457,0.496,0.262
1.0,interval-learned,0.1146,0.0021,0.2469,0.003,0.727,0.993,0.262
1.0,always MORE,0.1932,0.0021,0.439,0.0103,0.167,0.0,0.262
1.0,always LARGER,0.1947,0.0021,0.4404,0.0103,0.102,0.0,0.262
1.0,always IDENT,0.114,0.0021,0.2468,0.003,0.732,1.0,0.262
1.0,random,0.1691,0.0023,0.3754,0.0088,0.327,0.339,0.262
