variant,year,n_analyses,n_t,n_f,n_c,n_v,n_A,lower,upper,width,w_I_C,w_I_U,w_I_A,w_I_G,dominant,recommended_action
main,2013,1,0.0,0.0,0.0,0.0,1.0,0.0,1.0,1.0,0.0,0.0,0.3333,0.6667,I_G,more studies of any kind
main,2016,5,2.0,0.0,0.0,1.0,2.0,0.2857,1.0,0.7143,0.0,0.1429,0.2857,0.2857,I_G = I_A (tie),more studies of any kind | identification designs (sibling / negative control / active comparator)
main,2019,6,2.0,0.0,0.0,2.0,2.0,0.25,1.0,0.75,0.0,0.25,0.25,0.25,I_G = I_A = I_U (tie),"more studies of any kind | identification designs (sibling / negative control / active comparator) | larger, more precise studies"
main,2020,7,3.0,0.0,0.0,2.0,2.0,0.3333,1.0,0.6667,0.0,0.2222,0.2222,0.2222,I_G = I_A = I_U (tie),"more studies of any kind | identification designs (sibling / negative control / active comparator) | larger, more precise studies"
main,2021,8,4.0,0.0,0.0,2.0,2.0,0.4,1.0,0.6,0.0,0.2,0.2,0.2,I_G = I_A = I_U (tie),"more studies of any kind | identification designs (sibling / negative control / active comparator) | larger, more precise studies"
main,2024,11,4.0,2.0,0.0,2.0,3.0,0.3077,0.8462,0.5385,0.0,0.1538,0.2308,0.1538,I_A,identification designs (sibling / negative control / active comparator)
main,2026,21,4.0,8.0,1.0,2.0,6.0,0.1739,0.6522,0.4783,0.0435,0.087,0.2609,0.087,I_A,identification designs (sibling / negative control / active comparator)
S1_weak_as_undetermined,2013,1,0.0,0.0,0.0,0.0,1.0,0.0,1.0,1.0,0.0,0.0,0.3333,0.6667,I_G,more studies of any kind
S1_weak_as_undetermined,2016,5,0.0,0.0,0.0,3.0,2.0,0.0,1.0,1.0,0.0,0.4286,0.2857,0.2857,I_U,"larger, more precise studies"
S1_weak_as_undetermined,2019,6,0.0,0.0,0.0,4.0,2.0,0.0,1.0,1.0,0.0,0.5,0.25,0.25,I_U,"larger, more precise studies"
S1_weak_as_undetermined,2020,7,0.0,0.0,0.0,5.0,2.0,0.0,1.0,1.0,0.0,0.5556,0.2222,0.2222,I_U,"larger, more precise studies"
S1_weak_as_undetermined,2021,8,0.0,0.0,0.0,6.0,2.0,0.0,1.0,1.0,0.0,0.6,0.2,0.2,I_U,"larger, more precise studies"
S1_weak_as_undetermined,2024,11,0.0,2.0,0.0,6.0,3.0,0.0,0.8462,0.8462,0.0,0.4615,0.2308,0.1538,I_U,"larger, more precise studies"
S1_weak_as_undetermined,2026,21,0.0,4.0,1.0,10.0,6.0,0.0,0.8261,0.8261,0.0435,0.4348,0.2609,0.087,I_U,"larger, more precise studies"
S2_source_once,2013,1,0.0,0.0,0.0,0.0,1.0,0.0,1.0,1.0,0.0,0.0,0.3333,0.6667,I_G,more studies of any kind
S2_source_once,2016,5,0.6667,0.0,0.0,0.3333,2.0,0.1333,1.0,0.8667,0.0,0.0667,0.4,0.4,I_G = I_A (tie),more studies of any kind | identification designs (sibling / negative control / active comparator)
S2_source_once,2019,6,0.6667,0.0,0.0,1.3333,2.0,0.1111,1.0,0.8889,0.0,0.2222,0.3333,0.3333,I_G = I_A (tie),more studies of any kind | identification designs (sibling / negative control / active comparator)
S2_source_once,2020,7,1.6667,0.0,0.0,1.3333,2.0,0.2381,1.0,0.7619,0.0,0.1905,0.2857,0.2857,I_G = I_A (tie),more studies of any kind | identification designs (sibling / negative control / active comparator)
S2_source_once,2021,8,2.6667,0.0,0.0,1.3333,2.0,0.3333,1.0,0.6667,0.0,0.1667,0.25,0.25,I_G = I_A (tie),more studies of any kind | identification designs (sibling / negative control / active comparator)
S2_source_once,2024,11,2.6667,0.6667,0.0,1.3333,2.3333,0.2963,0.9259,0.6296,0.0,0.1481,0.2593,0.2222,I_A,identification designs (sibling / negative control / active comparator)
S2_source_once,2026,21,2.6667,3.1667,0.3333,1.3333,3.5,0.2051,0.7564,0.5513,0.0256,0.1026,0.2692,0.1538,I_A,identification designs (sibling / negative control / active comparator)
S3_W1,2013,1,0.0,0.0,0.0,0.0,1.0,0.0,1.0,1.0,0.0,0.0,0.5,0.5,I_G = I_A (tie),more studies of any kind | identification designs (sibling / negative control / active comparator)
S3_W1,2016,5,2.0,0.0,0.0,1.0,2.0,0.3333,1.0,0.6667,0.0,0.1667,0.3333,0.1667,I_A,identification designs (sibling / negative control / active comparator)
S3_W1,2019,6,2.0,0.0,0.0,2.0,2.0,0.2857,1.0,0.7143,0.0,0.2857,0.2857,0.1429,I_A = I_U (tie),"identification designs (sibling / negative control / active comparator) | larger, more precise studies"
S3_W1,2020,7,3.0,0.0,0.0,2.0,2.0,0.375,1.0,0.625,0.0,0.25,0.25,0.125,I_A = I_U (tie),"identification designs (sibling / negative control / active comparator) | larger, more precise studies"
S3_W1,2021,8,4.0,0.0,0.0,2.0,2.0,0.4444,1.0,0.5556,0.0,0.2222,0.2222,0.1111,I_A = I_U (tie),"identification designs (sibling / negative control / active comparator) | larger, more precise studies"
S3_W1,2024,11,4.0,2.0,0.0,2.0,3.0,0.3333,0.8333,0.5,0.0,0.1667,0.25,0.0833,I_A,identification designs (sibling / negative control / active comparator)
S3_W1,2026,21,4.0,8.0,1.0,2.0,6.0,0.1818,0.6364,0.4545,0.0455,0.0909,0.2727,0.0455,I_A,identification designs (sibling / negative control / active comparator)
S3_W4,2013,1,0.0,0.0,0.0,0.0,1.0,0.0,1.0,1.0,0.0,0.0,0.2,0.8,I_G,more studies of any kind
S3_W4,2016,5,2.0,0.0,0.0,1.0,2.0,0.2222,1.0,0.7778,0.0,0.1111,0.2222,0.4444,I_G,more studies of any kind
S3_W4,2019,6,2.0,0.0,0.0,2.0,2.0,0.2,1.0,0.8,0.0,0.2,0.2,0.4,I_G,more studies of any kind
S3_W4,2020,7,3.0,0.0,0.0,2.0,2.0,0.2727,1.0,0.7273,0.0,0.1818,0.1818,0.3636,I_G,more studies of any kind
S3_W4,2021,8,4.0,0.0,0.0,2.0,2.0,0.3333,1.0,0.6667,0.0,0.1667,0.1667,0.3333,I_G,more studies of any kind
S3_W4,2024,11,4.0,2.0,0.0,2.0,3.0,0.2667,0.8667,0.6,0.0,0.1333,0.2,0.2667,I_G,more studies of any kind
S3_W4,2026,21,4.0,8.0,1.0,2.0,6.0,0.16,0.68,0.52,0.04,0.08,0.24,0.16,I_A,identification designs (sibling / negative control / active comparator)
